Peak Amplitude,Peak Time (s),Estimated Range (m)
(100.00000000000001-1.1910882045759185e-16j),7.156177581211255e-06,1073.4266371816882
