Peak Amplitude,Peak Time (s),Estimated Range (m)
(271.3467302544206+6.427783473642684j),7.181177581211255e-06,1077.1766371816882
